HOG_Params,Val_Acc,Val_F1
"{'win': (128, 128), 'block': (16, 16), 'stride': (8, 8), 'cell': (8, 8), 'bins': 9}",0.07743362831858407,0.0053565962656871744
"{'win': (128, 128), 'block': (16, 16), 'stride': (8, 8), 'cell': (4, 4), 'bins': 9}",0.07743362831858407,0.0053235987527568635
"{'win': (128, 128), 'block': (32, 32), 'stride': (16, 16), 'cell': (8, 8), 'bins': 9}",0.09513274336283185,0.017243307703092483
"{'win': (128, 128), 'block': (16, 16), 'stride': (8, 8), 'cell': (8, 8), 'bins': 18}",0.07743362831858407,0.0053235987527568635
"{'win': (96, 96), 'block': (16, 16), 'stride': (8, 8), 'cell': (4, 4), 'bins': 9}",0.07743362831858407,0.0053235987527568635
