C,penalty,Val_Acc,Val_F1
0.01,l2,0.168141592920354,0.13175670733330339
0.1,l2,0.16371681415929204,0.12975394625342873
1,l2,0.17256637168141592,0.14099754260674532
10,l2,0.16150442477876106,0.1356275053366037
100,l2,0.15486725663716813,0.1345107543907358
