dict_size,Val_Acc,Val_F1
128,0.18141592920353983,0.14838758434541277
256,0.15486725663716813,0.13226351798167804
512,0.2079646017699115,0.18744308124695103
